{"entityId":"1","transformComponent":{"position":{"x":4.24951172,"y":2.0,"z":6.210449},"rotation":{"x":0.0,"y":0.0,"z":0.0},"scale":{"x":1.0,"y":1.0,"z":1.0},"componentId":1},"nftComponent":{"id":"0xfeb52cbf71b9adac957c6f948a6cf9980ac8c907","src":"ethereum://0xfeb52cbf71b9adac957c6f948a6cf9980ac8c907/1549","assetId":"0xfeb52cbf71b9adac957c6f948a6cf9980ac8c907","color":{"r":0.6404918,"g":0.611472,"b":0.8584906,"a":1.0},"style":0,"componentId":22},"components":[],"sharedComponents":[{"componentId":300,"classId":"ba0add0f-3899-49de-9f15-83436fd0992d","data":{"value":"Cat Eyes - Halloween 2020","builderValue":null}},{"componentId":301,"classId":"d247da30-4af3-4cbf-b216-f9042c1a5822","data":{"isLocked":false}}]}